[
  {
    "code": "+7 (840,",
    "country": "Abkhazia",
    "flag": "https://upload.wikimedia.org/wikipedia/commons/thumb/7/7a/Flag_of_the_Republic_of_Abkhazia.svg/320px-Flag_of_the_Republic_of_Abkhazia.svg.png"
  },
  {
    "code": "+358",
    "country": "Åland",
    "flag": "https://upload.wikimedia.org/wikipedia/commons/thumb/5/52/Flag_of_%C3%85land.svg/320px-Flag_of_%C3%85land.svg.png"
  },
  {
    "code": "+1",
    "country": "American Samoa",
    "flag": "https://upload.wikimedia.org/wikipedia/commons/thumb/8/87/Flag_of_American_Samoa.svg/320px-Flag_of_American_Samoa.svg.png"
  },
  {
    "code": "+1",
    "country": "Anguilla",
    "flag": "https://upload.wikimedia.org/wikipedia/commons/thumb/b/b4/Flag_of_Anguilla.svg/320px-Flag_of_Anguilla.svg.png"
  },
  {
    "code": "+1",
    "country": "Antigua and Barbuda",
    "flag": "https://upload.wikimedia.org/wikipedia/commons/thumb/8/89/Flag_of_Antigua_and_Barbuda.svg/320px-Flag_of_Antigua_and_Barbuda.svg.png"
  },
  {
    "code": "+1",
    "country": "Bahamas",
    "flag": "https://upload.wikimedia.org/wikipedia/commons/thumb/9/93/Flag_of_the_Bahamas.svg/320px-Flag_of_the_Bahamas.svg.png"
  },
  {
    "code": "+1",
    "country": "Barbados",
    "flag": "https://upload.wikimedia.org/wikipedia/commons/thumb/e/ef/Flag_of_Barbados.svg/320px-Flag_of_Barbados.svg.png"
  },
  {
    "code": "+1",
    "country": "Bermuda",
    "flag": "https://upload.wikimedia.org/wikipedia/commons/thumb/b/bf/Flag_of_Bermuda.svg/320px-Flag_of_Bermuda.svg.png"
  },
  {
    "code": "+599",
    "country": "Bonaire",
    "flag": "https://upload.wikimedia.org/wikipedia/commons/thumb/1/1e/Flag_of_Bonaire.svg/320px-Flag_of_Bonaire.svg.png"
  },
  {
    "code": "+1",
    "country": "British Virgin Islands",
    "flag": "https://upload.wikimedia.org/wikipedia/commons/thumb/4/42/Flag_of_the_British_Virgin_Islands.svg/320px-Flag_of_the_British_Virgin_Islands.svg.png"
  },
  {
    "code": "+599 (3, 4,",
    "country": "Caribbean Netherlands",
    "flag": "https://upload.wikimedia.org/wikipedia/commons/thumb/2/20/Flag_of_the_Netherlands.svg/320px-Flag_of_the_Netherlands.svg.png"
  },
  {
    "code": "+1",
    "country": "Cayman Islands",
    "flag": "https://upload.wikimedia.org/wikipedia/commons/thumb/0/0f/Flag_of_the_Cayman_Islands.svg/320px-Flag_of_the_Cayman_Islands.svg.png"
  },
  {
    "code": "+61",
    "country": "Christmas Island",
    "flag": "https://upload.wikimedia.org/wikipedia/commons/thumb/6/67/Flag_of_Christmas_Island.svg/320px-Flag_of_Christmas_Island.svg.png"
  },
  {
    "code": "+61",
    "country": "Cocos (Keeling) Islands",
    "flag": "https://upload.wikimedia.org/wikipedia/commons/thumb/2/2d/Copyrighted_flag.svg/320px-Copyrighted_flag.svg.png"
  },
  {
    "code": "+599",
    "country": "Curaçao",
    "flag": "https://upload.wikimedia.org/wikipedia/commons/thumb/b/b1/Flag_of_Cura%C3%A7ao.svg/320px-Flag_of_Cura%C3%A7ao.svg.png"
  },
  {
    "code": "+1",
    "country": "Dominica",
    "flag": "https://upload.wikimedia.org/wikipedia/commons/thumb/c/c4/Flag_of_Dominica.svg/320px-Flag_of_Dominica.svg.png"
  },
  {
    "code": "+1 (809, 829,",
    "country": "Dominican Republic",
    "flag": "https://upload.wikimedia.org/wikipedia/commons/thumb/9/9f/Flag_of_the_Dominican_Republic.svg/320px-Flag_of_the_Dominican_Republic.svg.png"
  },
  {
    "code": "+881 (2,",
    "country": "Ellipso (Mobile Satellite service)",
    "flag": ""
  },
  {
    "code": "+882",
    "country": "EMSAT (Mobile Satellite service)",
    "flag": ""
  },
  {
    "code": "+881 (8,",
    "country": "Globalstar (Mobile Satellite Service)",
    "flag": ""
  },
  {
    "code": "+1",
    "country": "Grenada",
    "flag": "https://upload.wikimedia.org/wikipedia/commons/thumb/b/bc/Flag_of_Grenada.svg/320px-Flag_of_Grenada.svg.png"
  },
  {
    "code": "+1",
    "country": "Guam",
    "flag": "https://upload.wikimedia.org/wikipedia/commons/thumb/0/07/Flag_of_Guam.svg/320px-Flag_of_Guam.svg.png"
  },
  {
    "code": "+44 (1481, 7781, 7839,",
    "country": "Guernsey",
    "flag": "https://upload.wikimedia.org/wikipedia/commons/thumb/f/fa/Flag_of_Guernsey.svg/320px-Flag_of_Guernsey.svg.png"
  },
  {
    "code": "+881 (0,",
    "country": "ICO Global (Mobile Satellite Service)",
    "flag": ""
  },
  {
    "code": "+882,",
    "country": "International Networks",
    "flag": ""
  },
  {
    "code": "+881 (6,",
    "country": "Iridium (Mobile Satellite service)",
    "flag": ""
  },
  {
    "code": "+44 (1624, 7524, 7624,",
    "country": "Isle of Man",
    "flag": "https://upload.wikimedia.org/wikipedia/commons/thumb/b/bc/Flag_of_the_Isle_of_Man.svg/320px-Flag_of_the_Isle_of_Man.svg.png"
  },
  {
    "code": "+1 (658,",
    "country": "Jamaica",
    "flag": "https://upload.wikimedia.org/wikipedia/commons/thumb/0/0a/Flag_of_Jamaica.svg/320px-Flag_of_Jamaica.svg.png"
  },
  {
    "code": "+47",
    "country": "Jan Mayen",
    "flag": "https://upload.wikimedia.org/wikipedia/commons/thumb/d/d9/Flag_of_Norway.svg/320px-Flag_of_Norway.svg.png"
  },
  {
    "code": "+44",
    "country": "Jersey",
    "flag": "https://upload.wikimedia.org/wikipedia/commons/thumb/1/1c/Flag_of_Jersey.svg/320px-Flag_of_Jersey.svg.png"
  },
  {
    "code": "+7 (6, 7) (997",
    "country": "Kazakhstan",
    "flag": "https://upload.wikimedia.org/wikipedia/commons/thumb/d/d3/Flag_of_Kazakhstan.svg/320px-Flag_of_Kazakhstan.svg.png"
  },
  {
    "code": "+262 (269,",
    "country": "Mayotte",
    "flag": "https://upload.wikimedia.org/wikipedia/en/thumb/c/c3/Flag_of_France.svg/320px-Flag_of_France.svg.png"
  },
  {
    "code": "+1",
    "country": "Montserrat",
    "flag": "https://upload.wikimedia.org/wikipedia/commons/thumb/d/d0/Flag_of_Montserrat.svg/320px-Flag_of_Montserrat.svg.png"
  },
  {
    "code": "+1",
    "country": "Nevis",
    "flag": "https://upload.wikimedia.org/wikipedia/commons/thumb/3/33/Flag_of_Nevis.svg/320px-Flag_of_Nevis.svg.png"
  },
  {
    "code": "+672",
    "country": "Norfolk Island",
    "flag": "https://upload.wikimedia.org/wikipedia/commons/thumb/4/48/Flag_of_Norfolk_Island.svg/320px-Flag_of_Norfolk_Island.svg.png"
  },
  {
    "code": "+90",
    "country": "Northern Cyprus",
    "flag": "https://upload.wikimedia.org/wikipedia/commons/thumb/1/1e/Flag_of_the_Turkish_Republic_of_Northern_Cyprus.svg/320px-Flag_of_the_Turkish_Republic_of_Northern_Cyprus.svg.png"
  },
  {
    "code": "+44",
    "country": "Northern Ireland",
    "flag": "https://upload.wikimedia.org/wikipedia/commons/thumb/4/43/Flag_of_Northern_Ireland_%281953%E2%80%931972%29.svg/320px-Flag_of_Northern_Ireland_%281953%E2%80%931972%29.svg.png"
  },
  {
    "code": "+1",
    "country": "Northern Mariana Islands",
    "flag": "https://upload.wikimedia.org/wikipedia/commons/thumb/e/e0/Flag_of_the_Northern_Mariana_Islands.svg/320px-Flag_of_the_Northern_Mariana_Islands.svg.png"
  },
  {
    "code": "+1 (787,",
    "country": "Puerto Rico",
    "flag": "https://upload.wikimedia.org/wikipedia/commons/thumb/2/28/Flag_of_Puerto_Rico.svg/320px-Flag_of_Puerto_Rico.svg.png"
  },
  {
    "code": "+599",
    "country": "Saba",
    "flag": "https://upload.wikimedia.org/wikipedia/commons/thumb/5/5a/Flag_of_Saba.svg/320px-Flag_of_Saba.svg.png"
  },
  {
    "code": "+1",
    "country": "Saint Kitts and Nevis",
    "flag": "https://upload.wikimedia.org/wikipedia/commons/thumb/f/fe/Flag_of_Saint_Kitts_and_Nevis.svg/320px-Flag_of_Saint_Kitts_and_Nevis.svg.png"
  },
  {
    "code": "+1",
    "country": "Saint Lucia",
    "flag": "https://upload.wikimedia.org/wikipedia/commons/thumb/9/9f/Flag_of_Saint_Lucia.svg/320px-Flag_of_Saint_Lucia.svg.png"
  },
  {
    "code": "+1",
    "country": "Saint Vincent and the Grenadines",
    "flag": "https://upload.wikimedia.org/wikipedia/commons/thumb/6/6d/Flag_of_Saint_Vincent_and_the_Grenadines.svg/320px-Flag_of_Saint_Vincent_and_the_Grenadines.svg.png"
  },
  {
    "code": "+599",
    "country": "Sint Eustatius",
    "flag": "https://upload.wikimedia.org/wikipedia/commons/thumb/0/08/Flag_of_Sint_Eustatius.svg/320px-Flag_of_Sint_Eustatius.svg.png"
  },
  {
    "code": "+1",
    "country": "Sint Maarten (Netherlands)",
    "flag": "https://upload.wikimedia.org/wikipedia/commons/thumb/d/d3/Flag_of_Sint_Maarten.svg/320px-Flag_of_Sint_Maarten.svg.png"
  },
  {
    "code": "+7 (850,",
    "country": "South Ossetia",
    "flag": "https://upload.wikimedia.org/wikipedia/commons/thumb/1/12/Flag_of_South_Ossetia.svg/320px-Flag_of_South_Ossetia.svg.png"
  },
  {
    "code": "+47",
    "country": "Svalbard",
    "flag": "https://upload.wikimedia.org/wikipedia/commons/thumb/d/d9/Flag_of_Norway.svg/320px-Flag_of_Norway.svg.png"
  },
  {
    "code": "+882",
    "country": "Thuraya (Mobile Satellite service)",
    "flag": ""
  },
  {
    "code": "+373 (2,",
    "country": "Transnistria",
    "flag": "https://upload.wikimedia.org/wikipedia/commons/thumb/b/bc/Flag_of_Transnistria_%28state%29.svg/320px-Flag_of_Transnistria_%28state%29.svg.png"
  },
  {
    "code": "+1",
    "country": "Trinidad and Tobago",
    "flag": "https://upload.wikimedia.org/wikipedia/commons/thumb/6/64/Flag_of_Trinidad_and_Tobago.svg/320px-Flag_of_Trinidad_and_Tobago.svg.png"
  },
  {
    "code": "+290",
    "country": "Tristan da Cunha",
    "flag": "https://upload.wikimedia.org/wikipedia/commons/thumb/8/89/Flag_of_Tristan_da_Cunha.svg/320px-Flag_of_Tristan_da_Cunha.svg.png"
  },
  {
    "code": "+1",
    "country": "Turks and Caicos Islands",
    "flag": "https://upload.wikimedia.org/wikipedia/commons/thumb/a/a0/Flag_of_the_Turks_and_Caicos_Islands.svg/320px-Flag_of_the_Turks_and_Caicos_Islands.svg.png"
  },
  {
    "code": "+1",
    "country": "US Virgin Islands",
    "flag": "https://upload.wikimedia.org/wikipedia/commons/thumb/f/f8/Flag_of_the_United_States_Virgin_Islands.svg/320px-Flag_of_the_United_States_Virgin_Islands.svg.png"
  },
  {
    "code": "+39",
    "country": "Vatican City State (Holy See)",
    "flag": "https://upload.wikimedia.org/wikipedia/commons/thumb/b/b3/Flag_of_Vatican_City_%282023%E2%80%93present%29.svg/320px-Flag_of_Vatican_City_%282023%E2%80%93present%29.svg.png"
  },
  {
    "code": "+1",
    "country": "Wake Island, USA",
    "flag": ""
  },
  {
    "code": "+255",
    "country": "Zanzibar",
    "flag": "https://upload.wikimedia.org/wikipedia/commons/thumb/d/d4/Flag_of_Zanzibar.svg/320px-Flag_of_Zanzibar.svg.png"
  }
]